x,normal_cdf,logistic_cdf
-0.731247968273122,1.9157469600048993e-167,1.5970529964104735e-29
-0.7301698176213763,5.86479998975945e-167,1.760835202311263e-29
-0.7290916669696308,1.7924787071523686e-166,1.941413726825132e-29
-0.7280135163178851,5.469410836496128e-166,2.1405110789231263e-29
-0.7269353656661396,1.6661451475750935e-165,2.360026415639572e-29
-0.7258572150143939,5.067232899810883e-165,2.6020536578202294e-29
-0.7247790643626484,1.5385607497262143e-164,2.868901463690045e-29
-0.7237009137109027,4.6638458213814925e-164,3.163115250766145e-29
-0.7226227630591572,1.411430430653419e-163,3.48750147617834e-29
-0.7215446124074115,4.264425452674923e-163,3.8451544070043994e-29
-0.7204664617556659,1.286315012525422e-162,4.239485635976628e-29
-0.7193883111039203,3.873645861902224e-162,4.6742566241063794e-29
-0.7183101604521747,1.164603944196246e-161,5.153614580644498e-29
-0.7172320098004291,3.495605139253566e-161,5.682132022631428e-29
-0.7161538591486835,1.0474957136904265e-160,6.264850391387988e-29
-0.7150757084969379,3.1337757500905353e-160,6.907328141998633e-29
-0.7139975578451923,9.359860050718022e-160,7.615693764504483e-29
-0.7129194071934467,2.790979048628292e-159,8.396704242565447e-29
-0.711841256541701,8.308633109648045e-159,9.257809507221563e-29
-0.7107631058899555,2.4693825505062915e-158,1.0207223500564152e-28
-0.7096849552382098,7.327114163772332e-158,1.1254002527185193e-28
-0.7086068045864642,2.1705177166245296e-157,1.240813164078269e-28
-0.7075286539347186,6.419179323967937e-157,1.3680619889952935e-28
-0.706450503282973,1.895315352827626e-156,1.5083605331702682e-28
-0.7053723526312274,5.586878869014623e-156,1.6630470814385782e-28
-0.7042942019794818,1.6441552954565524e-155,1.833597163450305e-28
-0.7032160513277362,4.830612760016341e-155,2.0216376285057863e-28
-0.7021379006759906,1.416926831517463e-154,2.2289621638048116e-28
-0.701059750024245,4.149334423959306e-154,2.4575484041348504e-28
-0.6999815993724994,1.2130962814343478e-153,2.709576796205641e-28
-0.6989034487207537,3.5407716932294643e-153,2.987451397573029e-28
-0.6978252980690082,1.031778328406617e-152,3.293822808550371e-28
-0.6967471474172625,3.001654524949613e-152,3.6316134558508555e-28
-0.695668996765517,8.718079799200645e-152,4.0040454691372337e-28
-0.6945908461137713,2.5279402653862688e-151,4.414671416389022e-28
-0.6935126954620258,7.318104579392233e-151,4.867408191266472e-28
-0.6924345448102801,2.115028652517169e-150,5.366574375718061e-28
-0.6913563941585346,6.1026679697638e-150,5.916931434225955e-28
-0.6902782435067889,1.757960345645631e-149,6.523729132636272e-28
-0.6892000928550432,5.055734469918925e-149,7.192755614815572e-28
-0.6881219422032977,1.4515944233313307e-148,7.930392614807093e-28
-0.687043791551552,4.1609469762038294e-148,8.743676331146963e-28
-0.6859656408998065,1.1907619019785718e-147,9.640364544009175e-28
-0.6848874902480608,3.4020723327640625e-147,1.0629010615400889e-27
-0.6838093395963153,9.703938171875638e-147,1.1719045078280773e-27
-0.6827311889445696,2.76336573109204e-146,1.2920865592869567e-27
-0.6816530382928241,7.856237186195332e-146,1.424593612822688e-27
-0.6805748876410784,2.229855299413751e-145,1.5706896315175415e-27
-0.6794967369893328,6.3186551765011815e-145,1.731768201366906e-27
-0.6784185863375872,1.7875512910377975e-144,1.9093658244678196e-27
-0.6773404356858416,5.0486847633016503e-144,2.1051765754609216e-27
-0.676262285034096,1.4235865829184844e-143,2.321068261030878e-27
-0.6751841343823504,4.0075173447130516e-143,2.559100236608625e-27
-0.6741059837306048,1.1262967511308048e-142,2.821543050225314e-27
-0.6730278330788592,3.160211518876539e-142,3.110900100898396e-27
-0.6719496824271136,8.852488581739346e-142,3.429931518144574e-27
-0.670871531775368,2.4757141873813664e-141,3.781680490403462e-27
-0.6697933811236223,6.912283561291155e-141,4.169502293513506e-27
-0.6687152304718768,1.9267638962337551e-140,4.597096296138873e-27
-0.6676370798201311,5.36193285528176e-140,5.068541247441201e-27
-0.6665589291683855,1.489704615772204e-139,5.588334183599702e-27
-0.6654807785166399,4.1320434533541085e-139,6.161433324303172e-27
-0.6644026278648943,1.1442357817550257e-138,6.793305368394993e-27
-0.6633244772131487,3.1633853632521745e-138,7.489977639818752e-27
-0.6622463265614031,8.731213588978167e-138,8.258095581273536e-27
-0.6611681759096575,2.405930417273149e-137,9.104986144004063e-27
-0.6600900252579118,6.618772531260484e-137,1.0038727678388134e-26
-0.6590118746061663,1.8178489563407806e-136,1.106822699199827e-26
-0.6579337239544206,4.984528511781842e-136,1.2203304310180271e-26
-0.6568555733026751,1.3645087582787159e-135,1.3454786949574117e-26
-0.6557774226509294,3.7291901472707906e-135,1.48346125981151e-26
-0.6546992719991839,1.0175100087908823e-134,1.6355943186682666e-26
-0.6536211213474382,2.7717165603807863e-134,1.803329043860452e-26
-0.6525429706956927,7.53780524285545e-134,1.988265429460828e-26
-0.651464820043947,2.046571775515148e-133,2.1921675533635953e-26
-0.6503866693922014,5.54747080214769e-133,2.416980404534469e-26
-0.6493085187404558,1.501236275615746e-132,2.6648484359418837e-26
-0.6482303680887103,4.05591700203291e-132,2.9381360201427434e-26
-0.6471522174369646,1.0939942932227923e-131,3.239450002644964e-26
-0.646074066785219,2.945961356999764e-131,3.5716645681797354e-26
-0.6449959161334734,7.919997253188255e-131,3.9379486570790445e-26
-0.6439177654817277,2.125734475393295e-130,4.34179619327855e-26
-0.6428396148299822,5.69611835989267e-130,4.7870594122857085e-26
-0.6417614641782365,1.5238246748573085e-129,5.277985607023443e-26
-0.640683313526491,4.069836948900064e-129,5.819257642061537e-26
-0.6396051628747453,1.0851881301712457e-128,6.416038622695257e-26
-0.6385270122229998,2.8888106678916437e-128,7.074021144960615e-26
-0.6374488615712541,7.677488023009094e-128,7.799481596376094e-26
-0.6363707109195085,2.037066675167912e-127,8.599340025375132e-26
-0.6352925602677629,5.396067489377559e-127,9.481226150514582e-26
-0.6342144096160173,1.4270379997966063e-126,1.0453552139110901e-25
-0.6331362589642717,3.767729741453595e-126,1.1525592849525868e-25
-0.6320581083125261,9.931389012968585e-126,1.2707574302522394e-25
-0.6309799576607805,2.613522796520425e-125,1.4010771225600616e-25
-0.6299018070090349,6.866392809151867e-125,1.5447614600778373e-25
-0.6288236563572893,1.801013856251614e-124,1.703181024169138e-25
-0.6277455057055437,4.716192519382596e-124,1.8778469531105903e-25
-0.626667355053798,1.2329687287527126e-123,2.0704253565923745e-25
-0.6255892044020525,3.218093579599344e-123,2.282753208465642e-25
-0.6245110537503068,8.385546090047221e-123,2.5168558693353347e-25
-0.6234329030985613,2.181474348545135e-122,2.7749664061431434e-25
-0.6223547524468156,5.665717992968745e-122,3.0595468930275604e-25
-0.62127660179507,1.4690814841089046e-121,3.3733118966455686e-25
-0.6201984511433244,3.802970075238318e-121,3.7192543699797386e-25
-0.6191203004915788,9.828472514431622e-121,4.1006742016262156e-25
-0.6180421498398332,2.535918242112246e-120,4.521209692891893e-25
-0.6169639991880875,6.532366959295727e-120,4.984872262954462e-25
-0.615885848536342,1.6799331846129887e-119,5.49608471313319e-25
-0.6148076978845963,4.3131996269409967e-119,6.05972341526628e-25
-0.6137295472328508,1.1055877750206491e-118,6.681164826623012e-25
-0.6126513965811051,2.829261046976864e-118,7.3663367750495975e-25
-0.6115732459293596,7.228346133460864e-118,8.121775003547468e-25
-0.6104950952776139,1.8437031348181157e-117,8.954685513656181e-25
-0.6094169446258684,4.694930684696115e-117,9.873013302321117e-25
-0.6083387939741227,1.1935854540816852e-116,1.0885518147918853e-24
-0.6072606433223771,3.0294514509852554e-116,1.2001858168347867e-24
-0.6061824926706315,7.676453579015512e-116,1.323268194823391e-24
-0.6051043420188859,1.9419740184167115e-115,1.458973011403458e-24
-0.6040261913671403,4.904699038367917e-115,1.6085947325951848e-24
-0.6029480407153947,1.236708874878349e-114,1.773560575492683e-24
-0.6018698900636491,3.1132124745265772e-114,1.9554441222539483e-24
-0.6007917394119034,7.824132959550345e-114,2.15598033024347e-24
-0.5997135887601579,1.9631336277098335e-113,2.3770820815063347e-24
-0.5986354381084122,4.9175602320295576e-113,2.620858429436797e-24
-0.5975572874566666,1.2298034407195414e-112,2.8896347166931473e-24
-0.596479136804921,3.0704916071424328e-112,3.1859747562604965e-24
-0.5954009861531754,7.653609949900594e-112,3.512705287243114e-24
-0.5943228355014298,1.9046314073057297e-111,3.8729429386654755e-24
-0.5932446848496842,4.731967658120586e-111,4.2701239584864886e-24
-0.5921665341979386,1.1737046061147127e-110,4.708036991405605e-24
-0.591088383546193,2.9064447420115627e-110,5.190859218124423e-24
-0.5900102328944474,7.18541005454871e-110,5.7231962007891425e-24
-0.5889320822427018,1.7734840000655115e-109,6.3101258146936666e-24
-0.5878539315909561,4.370078394065482e-109,6.957246685300278e-24
-0.5867757809392106,1.0750716800912854e-108,7.670731592611013e-24
-0.585697630287465,2.6404129959720636e-108,8.457386352305481e-24
-0.5846194796357194,6.474296027338961e-108,9.324714735301545e-24
-0.5835413289839737,1.584891371081762e-107,1.0280990044997502e-23
-0.5824631783322282,3.8734032333666394e-107,1.1335334034957893e-23
-0.5813850276804825,9.45087867237595e-107,1.2497803919827345e-23
-0.580306877028737,2.3021729014031515e-106,1.3779488309453227e-23
-0.5792287263769913,5.598735688803102e-106,1.519261298131999e-23
-0.5781505757252456,1.3593405629962805e-105,1.6750657500237145e-23
-0.5770724250735001,3.2949807115157168e-105,1.846848379770079e-23
-0.5759942744217545,7.973771223425123e-105,2.036247793742485e-23
-0.5749161237700089,1.9264643005647292e-104,2.2450706419318117e-23
-0.5738379731182632,4.646698189958588e-104,2.4753088512868797e-23
-0.5727598224665177,1.1189592638868849e-103,2.7291586263793054e-23
-0.571681671814772,2.690112259429222e-103,3.009041398639347e-23
-0.5706035211630265,6.456733381571912e-103,3.317626923993577e-23
-0.5695253705112808,1.5471828085415375e-102,3.6578587492296776e-23
-0.5684472198595352,3.701320925047231e-102,4.03298229000688e-23
-0.5673690692077896,8.840120668045608e-102,4.446575788344535e-23
-0.5662909185560441,2.1078805138582244e-101,4.902584444886872e-23
-0.5652127679042984,5.0178784367418014e-101,5.405358051525592e-23
-0.5641346172525528,1.192561101153013e-100,5.959692483352327e-23
-0.5630564666008072,2.8296160206369273e-100,6.570875445725887e-23
-0.5619783159490616,6.702869135330799e-100,7.24473691282758e-23
-0.560900165297316,1.5851864437953168e-99,7.987704738829909e-23
-0.5598220146455704,3.742711394130889e-99,8.806865972145366e-23
-0.5587438639938247,8.822236897563518e-99,9.710034457619869e-23
-0.5576657133420792,2.0761440542709113e-98,1.0705825371519304e-22
-0.5565875626903336,4.877784968427502e-98,1.180373740028536e-22
-0.555509412038588,1.1441269688468274e-97,1.3014243346949326e-22
-0.5544312613868423,2.679243619743986e-97,1.4348890029485085e-22
-0.5533531107350967,6.263781568875554e-97,1.5820408424014634e-22
-0.5522749600833511,1.4620001833474794e-96,1.7442835103505102e-22
-0.5511968094316055,3.4067846282113054e-96,1.923164613033786e-22
-0.5501186587798599,7.925530955173516e-96,2.120390467993489e-22
-0.5490405081281142,1.8407656271371903e-95,2.3378423803592836e-22
-0.5479623574763687,4.2683013512520404e-95,2.5775945883098864e-22
-0.5468842068246231,9.880936459692702e-95,2.8419340488914396e-22
-0.5458060561728775,2.2836397832580742e-94,3.1333822529260973e-22
-0.5447279055211318,5.269186391784658e-94,3.454719277100041e-22
-0.5436497548693863,1.213796824435132e-93,3.8090103026596656e-22
-0.5425716042176406,2.791482521894669e-93,4.1996348536736826e-22
-0.5414934535658951,6.409295810925656e-93,4.6303190337593545e-22
-0.5404153029141494,1.469170546965896e-92,5.105171068775106e-22
-0.5393371522624038,3.3621772936352795e-92,5.628720494513745e-22
-0.5382590016106582,7.681667689107537e-92,6.205961363202758e-22
-0.5371808509589127,1.752172799654574e-91,6.842399880950618e-22
-0.536102700307167,3.990110044923599e-91,7.544106930545207e-22
-0.5350245496554213,9.071504914978967e-91,8.317775980610066e-22
-0.5339463990036758,2.0590189390081328e-90,9.170786933505564e-22
-0.5328682483519301,4.6658189606126305e-90,1.011127652100929e-21
-0.5317900977001846,1.0555576902089656e-89,1.1148215919266971e-21
-0.5307119470484389,2.3840898553053146e-89,1.2291496323373581e-21
-0.5296337963966934,5.375883238877198e-89,1.3552023297862284e-21
-0.5285556457449477,1.2102179900867118e-88,1.4941820803099424e-21
-0.5274774950932022,2.7199690217277785e-88,1.6474145889872297e-21
-0.5263993444414565,6.10310574148805e-88,1.8163615156226698e-21
-0.5253211937897109,1.3671759872290152e-87,2.0026344172800434e-21
-0.5242430431379653,3.057627299034856e-87,2.208010120661283e-21
-0.5231648924862197,6.827021610505801e-87,2.4344476709654847e-21
-0.5220867418344741,1.5218246712686915e-86,2.68410701890002e-21
-0.5210085911827285,3.386761258022539e-86,2.959369624096758e-21
-0.5199304405309829,7.524734361276617e-86,3.2628611714653865e-21
-0.5188522898792373,1.6691078421399227e-85,3.597476617171788e-21
-0.5177741392274917,3.69627491047608e-85,3.966407803150652e-21
-0.5166959885757461,8.17204559186267e-85,4.373173903563234e-21
-0.5156178379240004,1.8037816092833759e-84,4.821654993622979e-21
-0.5145396872722549,3.97487790802892e-84,5.316129060997659e-21
-0.5134615366205092,8.744808528131283e-84,5.861312812833345e-21
-0.5123833859687636,1.9207175143171806e-83,6.462406667650921e-21
-0.511305235317018,4.2117576798577125e-83,7.125144361287056e-21
-0.5102270846652724,9.220404038714621e-83,7.85584764006112e-21
-0.5091489340135268,2.0152235604712608e-82,8.661486562878071e-21
-0.5080707833617812,4.397270916643391e-82,9.549745987478526e-21
-0.5069926327100356,9.579215302660425e-82,1.0529098875038836e-20
-0.5059144820582899,2.0833554521432507e-81,1.1608887112359269e-20
-0.5048363314065444,4.523593259687467e-81,1.2799410622592535e-20
-0.5037581807547987,9.80596789465719e-81,1.4112025614524466e-20
-0.5026800301030532,2.1221893847799143e-80,1.555925290758859e-20
-0.5016018794513075,4.585266359797234e-80,1.7154897365913228e-20
-0.500523728799562,9.890807942336858e-80,1.8914179580658432e-20
-0.4994455781478163,2.1300301250129326e-79,2.0853881056743766e-20
-0.4983674274960707,4.579589045537912e-79,2.2992504288873707e-20
-0.4972892768443251,9.830012357504695e-79,2.5350449253805183e-20
-0.4962111261925795,2.106533751921986e-78,2.7950208002385106e-20
-0.4951329755408339,4.506813546289772e-78,3.081657920753928e-20
-0.4940548248890883,9.626259820536245e-78,3.397690471475218e-20
-0.4929766742373427,2.0527326777370287e-77,3.7461330351453056e-20
-0.49189852358559705,4.3701269103157246e-77,4.130309348312701e-20
-0.4908203729338515,9.288435038462022e-77,4.5538840059099665e-20
-0.48974222228210584,1.970960411887566e-76,5.020897417224815e-20
-0.4886640716303603,4.175419524693585e-76,5.535804346702298e-20
-0.48758592097861464,8.830986203913846e-76,6.103516407213688e-20
-0.48650777032686904,1.864683706814538e-75,6.729448911126735e-20
-0.48542961967512344,3.930864160282746e-75,7.419572526083868e-20
-0.48435146902337783,8.272900393337803e-75,8.180470228222793e-20
-0.48327331837163223,1.738258906241882e-74,9.019400096107842e-20
-0.4821951677198866,3.646347448659399e-74,9.944364544352456e-20
-0.48111701706814103,7.636398108587005e-74,1.0964186657341942e-19
-0.48003886641639537,1.5966363423013643e-73,1.208859435119027e-19
-0.47896071576464977,3.3328088445085713e-73,1.3328313166738417e-19
-0.47788256511290417,6.945471844947673e-73,1.469516857873235e-19
-0.47680441446115857,1.4450406689324647e-72,1.6202198797089592e-19
-0.47572626380941296,3.0015484582596917e-72,1.7863779136248364e-19
-0.47464811315766736,6.22440198395081e-72,1.9695759138937673e-19
-0.47356996250592176,1.2886557014080533e-71,2.171561376236981e-19
-0.47249181185417616,2.6635642070534367e-71,2.3942610068994606e-19
-0.47141366120243056,5.496376249773198e-71,2.6397991011853573e-19
-0.4703355105506849,1.1323397724918918e-70,2.9105178067629497e-19
-0.4692573598989393,2.328971117248385e-70,3.2089994650276e-19
-0.4681792092471937,4.782318394218769e-70,3.5380912436335176e-19
-0.4671010585954481,9.803923747211487e-70,3.9009322951596393e-19
-0.4660229079437025,2.006542793234372e-69,4.3009837009719823e-19
-0.4649447572919569,4.1000013702319023e-69,4.742061485911989e-19
-0.4638666066402113,8.363858210343983e-69,5.228373018732383e-19
-0.4627884559884657,1.7033991115801828e-68,5.764557145498833e-19
-0.4617103053367201,3.463484722173843e-68,6.355728438782718e-19
-0.4606321546849745,7.030678709935649e-68,7.007525984731274e-19
-0.4595540040332288,1.4248473987320802e-67,7.72616717338686e-19
-0.4584758533814832,2.8828801837733108e-67,8.518507005352108e-19
-0.4573977027297376,5.8233377522241275e-67,9.392103480518294e-19
-0.456319552077992,1.1743688561304974e-66,1.0355289692588296e-18
-0.4552414014262464,2.3644179107739974e-66,1.1417253317092782e-18
-0.4541632507745008,4.752598605507185e-66,1.2588124251122077e-18
-0.4530851001227552,9.537295164800642e-66,1.3879071240755938e-18
-0.4520069494710096,1.9107616392142517e-65,1.5302408417902935e-18
-0.450928798819264,3.821862144130885e-65,1.6871712762788058e-18
-0.44985064816751835,7.63186619034126e-65,1.860195361254362e-18
-0.44877249751577275,1.5215061542693934e-64,2.0509635451264054e-18
-0.44769434686402715,3.0283350810551583e-64,2.2612955343577412e-18
-0.44661619621228155,6.017573470721308e-64,2.4931976513464283e-18
-0.44553804556053594,1.193785079550881e-63,2.748881972406493e-18
-0.44445989490879034,2.3643848870641264e-63,3.0307874284017043e-18
-0.44338174425704474,4.675170970508628e-63,3.3416030693075816e-18
-0.44230359360529914,9.229201481487321e-63,3.6842937146187264e-18
-0.44122544295355354,1.8189387504360693e-62,4.062128234276414e-18
-0.44014729230180794,3.5789806792954204e-62,4.478710729883605e-18
-0.4390691416500623,7.030528536320498e-62,4.938014913639908e-18
-0.4379909909983167,1.3788084989277351e-61,5.4444220129313155e-18
-0.4369128403465711,2.6996489572757585e-61,6.002762562140943e-18
-0.4358346896948255,5.277132741103679e-61,6.618362480325095e-18
-0.43475653904307987,1.0298551233955129e-60,7.297093874283157e-18
-0.43367838839133427,2.006511503292269e-60,8.045431051622491e-18
-0.43260023773958867,3.9029644107320925e-60,8.870512278118412e-18
-0.43152208708784306,7.579402288510777e-60,9.780207868462335e-18
-0.43044393643609746,1.4694769181873934e-59,1.078319525990474e-17
-0.4293657857843518,2.844317247906733e-59,1.1889041784907645e-17
-0.4282876351326062,5.496430866057462e-59,1.3108295932362598e-17
-0.4272094844808606,1.0604030951784776e-58,1.4452587967897986e-17
-0.426131333829115,2.0424371384807443e-58,1.5934740873078704e-17
-0.4250531831773694,3.927479432993592e-58,1.7568892661726877e-17
-0.4239750325256238,7.53991868156501e-58,1.937063124012032e-17
-0.4228968818738782,1.445130077167396e-57,2.1357143097477617e-17
-0.4218187312221326,2.7652523307590763e-57,2.354737724506404e-17
-0.420740580570387,5.282629555868014e-57,2.5962225967706806e-17
-0.4196624299186414,1.0075187178576359e-56,2.86247241118777e-17
-0.41858427926689573,1.9184199416907903e-56,3.156026881132227e-17
-0.41750612861515013,3.6468830943683525e-56,3.479686174615767e-17
-0.4164279779634045,6.921299169092887e-56,3.8365376246314733e-17
-0.4153498273116589,1.3114176813036032e-55,4.229985178717505e-17
-0.4142716766599133,2.480744830583002e-55,4.663781868655202e-17
-0.4131935260081677,4.6850131799332065e-55,5.142065610024591e-17
-0.4121153753564221,8.833386134339914e-55,5.669398673103456e-17
-0.4110372247046765,1.662766646245044e-54,6.250811201616172e-17
-0.4099590740529309,3.1248062829667e-54,6.891849194451102e-17
-0.40888092340118526,5.862766729559321e-54,7.598627408035607e-17
-0.40780277274943966,1.098170734034183e-53,8.377887683995984e-17
-0.40672462209769406,2.0536426137455305e-53,9.237063258480893e-17
-0.40564647144594845,3.8341370744762753e-53,1.0184349666583397e-16
-0.40456832079420285,7.146578762845359e-53,1.1228782918208039e-16
-0.40349017014245725,1.329892480495529e-52,1.2380325691089444e-16
-0.40241201949071165,2.470715210117248e-52,1.364996236314368e-16
-0.40133386883896605,4.582649853350251e-52,1.5049803790649856e-16
-0.40025571818722044,8.485911650628682e-52,1.6593202831725245e-16
-0.39917756753547484,1.568802224076102e-51,1.8294881717051655e-16
-0.3980994168837292,2.8955146250472495e-51,2.0171072482822968e-16
-0.3970212662319836,5.335452054968069e-51,2.2239671805479446e-16
-0.395943115580238,9.815322846039399e-51,2.4520411715174056e-16
-0.3948649649284924,1.80271005640534e-50,2.7035047816375965e-16
-0.3937868142767468,3.3054844280871672e-50,2.9807566811018844e-16
-0.3927086636250012,6.0510718271410565e-50,3.2864415303721392e-16
-0.3916305129732556,1.1059041197694926e-49,3.6234752071618666e-16
-0.39055236232150997,2.017858162909271e-49,3.995072620516091e-16
-0.38947421166976437,3.675799425404564e-49,4.4047783773022285e-16
-0.3883960610180187,6.684993691395422e-49,4.856500593634514e-16
-0.3873179103662731,1.213775150800805e-48,5.354548173753425e-16
-0.3862397597145275,2.2002070102148318e-48,5.903671911957733e-16
-0.3851616090627819,3.9817769247078525e-48,6.509109809653131e-16
-0.3840834584110363,7.19413203107646e-48,7.176637039789865e-16
-0.3830053077592907,1.2976811547082398e-47,7.912621035291477e-16
-0.3819271571075451,2.3369301129217493e-47,8.724082226954927e-16
-0.3808490064557995,4.2015699996516917e-47,9.618761010189993e-16
-0.3797708558040539,7.5416374747977e-47,1.0605191579383448e-15
-0.3786927051523083,1.3514746047447682e-46,1.1692783334181631e-15
-0.37761455450056264,2.4178999929076504e-46,1.289191063421272e-15
-0.37653640384881704,4.318739459884204e-46,1.421401175840381e-15
-0.37545825319707143,7.701297862265139e-46,1.5671698012850929e-15
-0.37438010254532583,1.3710683367129115e-45,1.7278874028001671e-15
-0.37330195189358023,2.4369272581359998e-45,1.905087039264854e-15
-0.37222380124183463,4.324285241404951e-45,2.1004589889904233e-15
-0.371145650590089,7.660805287820133e-45,2.31586687300816e-15
-0.3700674999383434,1.3549487160082592e-44,2.5533654318451653e-15
-0.3689893492865978,2.3925424618702965e-44,2.815220125357732e-15
-0.36791119863485217,4.2177888435261277e-44,3.1039287425819005e-15
-0.36683304798310656,7.423324006854954e-44,3.4222452277339466e-15
-0.36575489733136096,1.304368864495049e-43,3.773205949633253e-15
-0.36467674667961536,2.288183634469826e-43,4.160158665127256e-15
-0.36359859602786976,4.0074654996089115e-43,4.586794452795661e-15
-0.36252044537612416,7.007081935527702e-43,5.05718292154453e-15
-0.36144229472437855,1.2231877056377761e-42,5.5758110299391315e-15
-0.36036414407263295,2.131756264931035e-42,6.14762588656684e-15
-0.35928599342088735,3.7091170565952715e-42,6.778081939695786e-15
-0.35820784276914175,6.443058931676135e-42,7.473193006363394e-15
-0.3571296921173961,1.1173835215969417e-41,8.239589637192513e-15
-0.3560515414656505,1.93464389799744e-41,9.084582364127488e-15
-0.3549733908139049,3.3441708158619443e-41,1.001623143440146e-14
-0.3538952401621593,5.771178789421185e-41,1.1043423695914439e-14
-0.3528170895104137,9.943271308293037e-41,1.2175957367420028e-14
-0.3517389388586681,1.7103412008807724e-40,1.3424635502129443e-14
-0.3506607882069225,2.937142086412121e-40,1.4801369036266653e-14
-0.3495826375551769,5.035654311099228e-40,1.6319290405538544e-14
-0.3485044869034313,8.619372282930552e-40,1.7992878813288274e-14
-0.3474263362516856,1.4729369946672258e-39,1.9838098345244457e-14
-0.34634818559994,2.5129365705292498e-39,2.1872550248320596e-14
-0.3452700349481944,4.280236168377886e-39,2.4115640826026583e-14
-0.3441918842964488,7.278515517535266e-39,2.6588766552019837e-14
-0.3431137336447032,1.2356821992265542e-38,2.931551816756321e-14
-0.3420355829929576,2.0944003026503736e-38,3.232190570974193e-14
-0.340957432341212,3.5440638854875e-38,3.563660661694818e-14
-0.3398792816894664,5.987318557490178e-38,3.929123927826885e-14
-0.3388011310377208,1.0098391147033848e-37,4.3320664636120974e-14
-0.3377229803859752,1.7004389191653986e-37,4.776331871907148e-14
-0.33664482973422954,2.8586365051039363e-37,5.266157927682003e-14
-0.33556667908248394,4.797841665801316e-37,5.8062170014611e-14
-0.33448852843073834,8.03936953368217e-37,6.401660628300781e-14
-0.33341037777899274,1.3448913558425777e-36,7.058168647438387e-14
-0.33233222712724714,2.2461645576347037e-36,7.782003381348468e-14
-0.33125407647550154,3.745287170388694e-36,8.580069371011381e-14
-0.33017592582375593,6.234733402696415e-36,9.459979237198862e-14
-0.32909777517201033,1.0361911830621322e-35,1.0430126296016687e-13
-0.32801962452026473,1.7192980288230448e-35,1.1499764621372582e-13
-0.3269414738685191,2.848077049238886e-35,1.2679097318071605e-13
-0.32586332321677347,4.7102247233960004e-35,1.397937384756153e-13
-0.32478517256502787,7.777157151042392e-35,1.5412997334703798e-13
-0.32370702191328227,1.2820043662691088e-34,1.6993642879149673e-13
-0.32262887126153666,2.109830400564512e-34,1.873638799987658e-13
-0.32155072060979106,3.46653052491803e-34,2.0657856457172084e-13
-0.32047256995804546,5.686328995560932e-34,2.2776376823960844e-13
-0.31939441930629986,9.312331748867146e-34,2.511215731905966e-13
-0.31831626865455426,1.5225600394343927e-33,2.7687478570067593e-13
-0.31723811800280866,2.4853066290068215e-33,3.052690614462344e-13
-0.316159967351063,4.050187444946098e-33,3.365752487733197e-13
-0.3150818166993174,6.589612749314642e-33,3.710919722756564e-13
-0.3140036660475718,1.0703709662336008e-32,4.09148481325736e-13
-0.3129255153958262,1.7357950136611017e-32,4.5110779073066215e-13
-0.3118473647440806,2.8102973495927953e-32,4.973701434709406e-13
-0.310769214092335,4.542509717345637e-32,5.483768285527141e-13
-0.3096910634405894,7.330426491399886e-32,6.046143903913303e-13
-0.3086129127888438,1.1810069168115766e-31,6.666192698788309e-13
-0.3075347621370982,1.8996145742407904e-31,7.349829214057578e-13
-0.3064566114853525,3.0504817582482525e-31,8.103574546477371e-13
-0.3053784608336069,4.89059042765151e-31,8.934618549328445e-13
-0.3043003101818613,7.8278791304982945e-31,9.85088841524933e-13
-0.3032221595301157,1.2508836621407737e-30,1.0861124292428431e-12
-0.3021440088783701,1.995628768530827e-30,1.1974962655446105e-12
-0.3010658582266245,3.178576397160873e-30,1.3203028226027651e-12
-0.2999877075748789,5.054470320474324e-30,1.4557035320523654e-12
-0.2989095569231333,8.024330025622817e-30,1.6049899590855212e-12
-0.2978314062713877,1.2718388442983224e-29,1.7695861224802119e-12
-0.29675325561964205,2.0125449848472746e-29,1.951062078082237e-12
-0.29567510496789645,3.1794306341146514e-29,2.1511488953107143e-12
-0.29459695431615085,5.014681980522559e-29,2.371755169545849e-12
-0.29351880366440525,7.896374922139732e-29,2.6149852279076376e-12
-0.29244065301265965,1.2413735452660078e-28,2.8831592020876055e-12
-0.29136250236091404,1.9483528517660244e-28,3.1788351597050846e-12
-0.29028435170916844,3.0529744993456555e-28,3.504833505295257e-12
-0.28920620105742284,4.776053924732508e-28,3.864263883686065e-12
-0.28812805040567724,7.459432465412579e-28,4.260554842391008e-12
-0.28704989975393164,1.1631424656169512e-27,4.697486535962332e-12
-0.285971749102186,1.8107172508556757e-27,5.179226784266159e-12
-0.2848935984504404,2.8142262522576524e-27,5.7103708286336555e-12
-0.2838154477986948,4.366747360335206e-27,6.295985165115448e-12
-0.2827372971469492,6.764689245180946e-27,6.941655872957747e-12
-0.28165914649520357,1.0462329809366229e-26,7.653541899297346e-12
-0.28058099584345797,1.61547326974794e-26,8.438433808349706e-12
-0.27950284519171237,2.4903592699461486e-26,9.30381855548876e-12
-0.27842469453996677,3.832790981552173e-26,1.02579509040882e-11
-0.27734654388822116,5.889239478969806e-26,1.1309932166357273e-11
-0.2762683932364755,9.03429539259021e-26,1.2469797019267278e-11
-0.2751902425847299,1.3836313610130165e-25,1.3748609223691835e-11
-0.2741120919329843,2.115619653132189e-25,1.5158567159809775e-11
-0.2730339412812387,3.2295790596093405e-25,1.671312018545597e-11
-0.2719557906294931,4.922043273011068e-25,1.8427096927342936e-11
-0.2708776399777475,7.489212645246483e-25,2.0316846728902207e-11
-0.2697994893260019,1.1376748880141204e-24,2.2400395603994016e-11
-0.2687213386742563,1.725406805556634e-24,2.469761818410105e-11
-0.2676431880225107,2.6124994976532445e-24,2.7230427299182788e-11
-0.2665650373707651,3.9492292846944546e-24,3.0022983000572125e-11
-0.26548688671901943,5.9601879737318695e-24,3.310192301974792e-11
-0.26440873606727383,8.980470508346033e-24,3.6496616861292e-11
-0.26333058541552823,1.350920534094947e-23,4.023944595378445e-11
-0.2622524347637826,2.0288603058584767e-23,4.4366112530946597e-11
-0.261174284112037,3.042048760037302e-23,4.891598018940061e-11
-0.2600961334602914,4.5537788255616347e-23,5.393244937157138e-11
-0.2590179828085458,6.805648061771107e-23,5.946337135539809e-11
-0.2579398321568002,1.0154508001468212e-22,6.556150469983629e-11
-0.2568616815050546,1.5126560433578367e-22,7.228501850011178e-11
-0.25578353085330896,2.249642172974183e-22,7.969804725319223e-11
-0.25470538020156336,3.340248035623893e-22,8.787130262624703e-11
-0.25362722954981776,4.951491766662825e-22,9.688274796366196e-11
-0.25254907889807215,7.328001253979524e-22,1.0681834196660778e-10
-0.25147092824632655,1.082747518990019e-21,1.1777285863901355e-10
-0.25039277759458095,1.5972066421322693e-21,1.298507913212652e-10
-0.24931462694283535,2.3522708468852308e-21,1.4316734943506208e-10
-0.24823647629108975,3.458644411568395e-21,1.5784955744722057e-10
-0.24715832563934415,5.077114202364331e-21,1.7403746653525691e-10
-0.24608017498759854,7.440813923387313e-21,1.9188549051262235e-10
-0.24500202433585289,1.0887207795517915e-20,2.1156387875678172e-10
-0.24392387368410728,1.5903957272024142e-20,2.3326034019012653e-10
-0.24284572303236168,2.3194583233783218e-20,2.5718183380464403e-10
-0.24176757238061608,3.377230454658656e-20,2.8355654280983167e-10
-0.24068942172887048,4.9093911694537094e-20,3.1263605123494633e-10
-0.23961127107712488,7.125042529783627e-20,3.446977437478461e-10
-0.23853312042537927,1.0323815548725744e-19,3.800474515818866e-10
-0.23745496977363367,1.4934339937092928e-19,4.190223698099414e-10
-0.23637681912188807,2.1568747116107737e-19,4.619942737929564e-10
-0.2352986684701424,3.109975481051419e-19,5.093730654841955e-10
-0.2342205178183968,4.476949993640437e-19,5.616106834167862e-10
-0.2331423671666512,6.434292886999721e-19,6.192054136713423e-10
-0.2320642165149056,9.23236117074999e-19,6.827066429451974e-10
-0.23098606586316006,1.3225685677039119e-18,7.527200990620725e-10
-0.2299079152114144,1.891546990573922e-18,8.299136289104975e-10
-0.22882976455966875,2.700907275994858e-18,9.150235689257758e-10
-0.2277516139079232,3.8503117475685815e-18,1.0088617688825094e-09
-0.22667346325617754,5.479940857348877e-18,1.1123233359965217e-09
-0.225595312604432,7.786632618486703e-18,1.2263951732057155e-09
-0.22451716195268634,1.1046314768829573e-17,1.3521653930754143e-09
-0.2234390113009408,1.5645128754706447e-17,1.4908336971255406e-09
-0.22236086064919514,2.212253792562648e-17,1.6437228195866605e-09
-0.2212827099974496,3.1230930057118685e-17,1.8122911447446396e-09
-0.22020455934570393,4.4017881215150724e-17,1.9981466182291043e-09
-0.21912640869395827,6.193949823970934e-17,2.203062084942686e-09
-0.21804825804221273,8.701630756993174e-17,2.4289921999374992e-09
-0.21697010739046707,1.220472855950357e-16,2.6780920735486513e-09
-0.21589195673872152,1.7090320003608197e-16,2.9527378286374763e-09
-0.21481380608697587,2.389279461640552e-16,3.2555492660371736e-09
-0.21373565543523032,3.334866721344404e-16,3.589414854401945e-09
-0.21265750478348466,4.647130658377967e-16,3.957519282834673e-09
-0.21157935413173912,6.465263765034124e-16,4.363373839111836e-09
-0.21050120347999346,8.980130957791057e-16,4.81084990327985e-09
-0.2094230528282478,1.2453007422515112e-15,5.304215876111285e-09
-0.20834490217650226,1.7240945379518934e-15,5.8481778946763575e-09
-0.2072667515247566,2.383105429703376e-15,6.447924723408488e-09
-0.20618860087301105,3.2886744776677953e-15,7.109177248871234e-09
-0.2051104502212654,4.5310001132014055e-15,7.838243050350787e-09
-0.20403229956951985,6.2325090063470575e-15,8.642076566811309e-09
-0.2029541489177742,8.559088516297297e-15,9.528345434137885e-09
-0.20187599826602864,1.1735132249797717e-14,1.0505503625444349e-08
-0.200797847614283,1.6063657430021422e-14,1.1582872092121158e-08
-0.19971969696253744,2.195315601735861e-14,1.277072767484194e-08
-0.19864154631079178,2.995336984728492e-14,1.4080401132638366e-08
-0.19756339565904613,4.080287092709259e-14,1.5524385225122168e-08
-0.19648524500730058,5.5492229732787904e-14,1.711645387883498e-08
-0.19540709435555492,7.534772892609848e-14,1.887179357443113e-08
-0.19432894370380938,1.0214210698277448e-13,2.0807148207971318e-08
-0.19325079305206372,1.3824079771140355e-13,2.2940978808137025e-08
-0.19217264240031817,1.867946977581548e-13,2.529363963287352e-08
-0.19109449174857251,2.519938109366174e-13,2.7887572325222645e-08
-0.19001634109682697,3.3940039676427127e-13,3.0747519980353174e-08
-0.1889381904450813,4.563857589935117e-13,3.390076316574448e-08
-0.18786003979333565,6.127018877502543e-13,3.73773801458654e-08
-0.1867818891415901,8.212282453241428e-13,4.121053379359039e-08
-0.18570373848984445,1.098945601993107e-12,4.543678792514115e-08
-0.1846255878380989,1.4682036657310144e-12,5.009645607600805e-08
-0.18354743718635325,1.9583681636743085e-12,5.523398604476433e-08
-0.1824692865346077,2.6079570956360593e-12,6.089838387284432e-08
-0.18139113588286204,3.4674064307620384e-12,6.71436813045569e-08
-0.1803129852311165,4.602644229158343e-12,7.402945118631905e-08
-0.17923483457937084,6.099701121443019e-12,8.162137572140729e-08
-0.17815668392762518,8.070646854224858e-12,8.999187300066625e-08
-0.17707853327587963,1.0661220409563079e-11,9.922078778552067e-08
-0.17600038262413398,1.406061898858515e-11,1.0939615313250561e-07
-0.17492223197238843,1.8514033794106346e-11,1.2061503012424849e-07
-0.17384408132064277,2.4338674059689996e-11,1.3298443371691956e-07
-0.17276593066889723,3.19442125253978e-11,1.4662235353552878e-07
-0.17168778001715157,4.185882458280066e-11,1.6165887935420265e-07
-0.17060962936540602,5.476229063578684e-11,1.7823744199703377e-07
-0.16953147871366037,7.152800029696789e-11,1.9651618149614585e-07
-0.1684533280619147,9.327615421389896e-11,2.166694555573623e-07
-0.16737517741016916,1.214410244306886e-10,2.388895027222879e-07
-0.1662970267584235,1.5785583124100545e-10,2.633882760911415e-07
-0.16521887610667796,2.0485965245036775e-10,2.903994650975319e-07
-0.1641407254549323,2.654318347231536e-10,3.2018072462020417e-07
-0.16306257480318676,3.433606681382265e-10,3.53016132694285e-07
-0.1619844241514411,4.434546644054422e-10,3.8921890026519227e-07
-0.16090627349969555,5.718067063692168e-10,4.291343588322523e-07
-0.1598281228479499,7.361236829085548e-10,4.7314325447983925e-07
-0.15874997219620424,9.46137074070299e-10,5.216653797160286e-07
-0.1576718215444587,1.2141134069260334e-09,5.75163577760987e-07
-0.15659367089271303,1.555487682236596e-09,6.341481574796715e-07
-0.1555155202409675,1.98964791584595e-09,6.9918176107005e-07
-0.15443736958922183,2.540905011741064e-09,7.708847309366081e-07
-0.15335921893747628,3.23968947923571e-09,8.499410269396955e-07
-0.15228106828573063,4.124025250734215e-09,9.371047504609389e-07
-0.15120291763398508,5.241341312320829e-09,1.033207337512065e-06
-0.15012476698223942,6.650694332951057e-09,1.1391654894959066e-06
-0.14904661633049388,8.425490323623977e-09,1.2559899172629562e-06
-0.14796846567874822,1.0656810984749122e-08,1.3847949818640113e-06
-0.14689031502700256,1.3457471278833585e-08,1.5268093239504313e-06
-0.14581216437525701,1.6966959436782643e-08,1.6833875832026537e-06
-0.14473401372351136,2.1357439687012262e-08,1.856023319562313e-06
-0.1436558630717658,2.6841032190736906e-08,2.046363259503914e-06
-0.14257771242002015,3.3678624772853546e-08,2.256223003218267e-06
-0.1414995617682746,4.219051795897034e-08,2.48760434250964e-06
-0.14042141111652895,5.276925958306907e-08,2.7427143545687485e-06
-0.1393432604647834,6.589508895895325e-08,3.0239864537152936e-06
-0.13826510981303775,8.215448458849777e-08,3.3341036018738236e-06
-0.1371869591612921,1.0226239503089399e-07,3.676023899127095e-06
-0.13610880850954654,1.2708883145319791e-07,4.0530087983834805e-06
-0.13503065785780088,1.576906142580715e-07,4.468654213210624e-06
-0.13395250720605534,1.9534919694294424e-07,4.926924815466697e-06
-0.13287435655430968,2.416156400628064e-07,5.4321918497673956e-06
-0.13179620590256413,2.98363979099697e-07,5.989274825344737e-06
-0.13071805525081848,3.678544246167903e-07,6.603487482810016e-06
-0.12963990459907293,4.528080538971649e-07,7.280688474069104e-06
-0.12856175394732727,5.564949031084718e-07,8.02733723855196e-06
-0.12748360329558162,6.828376508171739e-07,8.85055560842403e-06
-0.12640545264383607,8.365334004607462e-07,9.75819573002836e-06
-0.1253273019920904,1.0231964243404636e-06,1.0758914948969376e-05
-0.12424915134034487,1.2495251280669098e-06,1.1862258372570656e-05
-0.12317100068859921,1.523496935456023e-06,1.3078749896549497e-05
-0.12209285003685366,1.854595282894351e-06,1.4419992563331785e-05
-0.121014699385108,2.2540734523538057e-06,1.589877920826436e-05
-0.11993654873336246,2.7352605665593833e-06,1.7529214447883196e-05
-0.1188583980816168,3.3139157210862147e-06,1.9326849172319316e-05
-0.11778024742987114,4.008636938815992e-06,2.130882882285684e-05
-0.1167020967781256,4.8413324042014405e-06,2.3494056866754357e-05
-0.11562394612637994,5.837762269550389e-06,2.5903375025906227e-05
-0.1145457954746344,7.028160223699087e-06,2.8559761975132658e-05
-0.11346764482288874,8.447944974752371e-06,3.1488552401344584e-05
-0.11238949417114319,1.013853282169166e-05,3.4717678508149886e-05
-0.11131134351939753,1.214826357202423e-05,3.8277936263510574e-05
-0.11023319286765199,1.45334532001953e-05,4.2203278922751326e-05
-0.10915504221590633,1.7359587828515116e-05,4.6531140617827406e-05
-0.10807689156416078,2.070267484120858e-05,5.13027930885978e-05
-0.10699874091241512,2.4650768203186338e-05,5.6563738945660684e-05
-0.10592059026066947,2.9305686336119033e-05,6.236414519989477e-05
-0.10484243960892392,3.478494219079315e-05,6.875932117449617e-05
-0.10376428895717826,4.1223906429051244e-05,7.581024533442759e-05
-0.10268613830543272,4.877822587050284e-05,8.358414602966968e-05
-0.10160798765368706,5.762652054512434e-05,9.21551416567384e-05
-0.10052983700194151,6.797338379592184e-05,0.00010160494630208716
-0.09945168635019586,8.005271086594102e-05,0.00011202364754647528
-0.09837353569845031,9.413138224722608e-05,0.00012351056378647016
-0.09729538504670465,0.00011051332872896351,0.0001361751891742022
-0.096217234394959,0.00012954400551726998,0.00015013823509567773
-0.09513908374321345,0.00015161530296650065,0.00016553277800878806
-0.09406093309146779,0.00017717092131459575,0.00018250552445224917
-0.09298278243972224,0.0002067122363036897,0.00020121820512471162
-0.09190463178797659,0.0002408046816405295,0.00022184911112846449
-0.09082648113623104,0.00028008467285565417,0.0002445947867843584
-0.08974833048448538,0.00032526709520218307,0.0002696718948649697
-0.08867017983273984,0.0003771533757394188,0.0002973192716729264
-0.08759202918099418,0.00043664015662059856,0.00032780019112382136
-0.08651387852924852,0.0005047285827952838,0.000361404858891218
-0.08543572787750298,0.0005825342127974496,0.00039845315975006333
-0.08435757722575732,0.0006712975559750261,0.00043929768352916513
-0.08327942657401177,0.0007723952333872213,0.000484327057570038
-0.08220127592226611,0.0008873517526215404,0.0005339696163056888
-0.08112312527052057,0.0010178518789391636,0.0005886974415363476
-0.08004497461877491,0.001165753576435414,0.0006490308102094062
-0.07896682396702936,0.0013331014832991693,0.0007155430900261556
-0.07788867331528371,0.0015221408747883379,0.0007888661270190874
-0.07681052266353805,0.001735332056234608,0.0008696961733887755
-0.0757323720117925,0.0019753651162996767,0.0009588004083792379
-0.07465422136004685,0.0022451749578899917,0.0010570241098219028
-0.0735760707083013,0.002547956510684308,0.0011652985392080234
-0.07249792005655564,0.0028871800152459074,0.0012846496087714346
-0.0714197694048101,0.0032666062543033688,0.0014162074050865238
-0.07034161875306444,0.0036903015921471495,0.0015612166501169295
-0.06926346810131889,0.004162652668369567,0.0017210481874836187
-0.06818531744957324,0.004688380577576819,0.0018972115889479041
-0.06710716679782769,0.005272554352430592,0.0020913689836984804
-0.06602901614608203,0.0059206035536819145,0.002305350220956159
-0.06495086549433637,0.006638329757983888,0.002541169484602893
-0.06387271484259083,0.007431916722497982,0.0028010434869238958
-0.06279456419084517,0.00830793899491422,0.0030874113770059416
-0.061716413539099624,0.009273368728789397,0.003402956507711835
-0.060638262887353966,0.01033558045737379,0.003750630213254009
-0.05956011223560842,0.011502353574634262,0.004133677756961266
-0.05848196158386276,0.012781872270308692,0.004555666615555621
-0.057403810932117216,0.014182722666808029,0.005020517271718174
-0.05632566028037156,0.015713886909917544,0.005532536690427978
-0.0552475096286259,0.017384733972761822,0.006096454655873914
-0.054169358976880355,0.019205006943641904,0.0067174631439136405
-0.0530912083251347,0.02118480658329058,0.007401258899148329
-0.05201305767338915,0.023334570955987045,0.008154089374581642
-0.050934907021643494,0.02566505096192918,0.008982802174193113
-0.04985675636989795,0.028187281625302957,0.009894898112969622
-0.04877860571815229,0.030912549023644226,0.01089858797312687
-0.047700455066406744,0.033852352779229426,0.012002852987178108
-0.04662230441466109,0.03701836407227463,0.013217509015612847
-0.04554415376291543,0.040422379178386356,0.014553274306243086
-0.04446600311116988,0.044076268578768535,0.01602184062040644
-0.043387852459424225,0.04799192174072955,0.017635947384369393
-0.04230970180767868,0.052181187717638404,0.019409458368267306
-0.04123155115593302,0.05665581177115746,0.021357440205205882
-0.040153400504187475,0.06142736827368858,0.02349624183489333
-0.03907524985244182,0.06650719020495463,0.02584357368447738
-0.03799709920069627,0.07190629561269464,0.028418585079261205
-0.036918948548950614,0.07763531146293262,0.03124193800333294
-0.03584079789720496,0.0837043953592771,0.03433587490132098
-0.03476264724545941,0.09012315566251766,0.037724277725546526
-0.03368449659371375,0.09690057059045382,0.041432714888040595
-0.03260634594196821,0.10404490692263557,0.04548847217784122
-0.03152819529022255,0.11156363897469157,0.04992056305880676
-0.030450044638477003,0.11946336854125206,0.05475971308589205
-0.029371893986731346,0.1277497465345273,0.0600383124902172
-0.0282937433349858,0.13642739706646484,0.06579033031634322
-0.027215592683240142,0.14549984473562305,0.07205118289147881
-0.026137442031494595,0.15496944588469747,0.07885754892114462
-0.025059291379748938,0.16483732459075273,0.0862471232089087
-0.02398114072800328,0.17510331413707203,0.09425830097347491
-0.022902990076257734,0.18576590469310922,0.1029297850832562
-0.021824839424512077,0.19682219789702765,0.11230010935635351
-0.02074668877276653,0.20826786899386357,0.1224070724988884
-0.019668538121020873,0.22009713713166001,0.13328707939130482
-0.018590387469275327,0.23230274435814413,0.14497438938111534
-0.01751223681752967,0.2448759437923867,0.15750027507309902
-0.016434086165784123,0.2578064973696994,0.1708920998464578
-0.015355935514038466,0.27108268347486364,0.18517232792508526
-0.014277784862292808,0.28469131468920905,0.2003574871403317
-0.013199634210547262,0.2986177657823843,0.21645711130128123
-0.012121483558801605,0.312846011980737,0.2334726959442741
-0.011043332907056058,0.3273586774424094,0.2513967076621454
-0.0099651822553104,0.3421370937658428,0.270211692592365
-0.008887031603564854,0.3571613682545437,0.28988953327342065
-0.007808880951819197,0.37241046155833885,0.31039090424631155
-0.006730730300073651,0.387862274210997,0.33166497483395513
-0.005652579648327993,0.40349374148774564,0.35364940199121614
-0.004574428996582336,0.4192809359148332,0.37627064676189886
-0.0034962783448367896,0.43519917667854263,0.39944463484138804
-0.002418127693091132,0.4512231451038254,0.4230777655706005
-0.0013399770413455858,0.46732700530430993,0.44706825534535627
-0.00026182638959992843,0.48348452904683636,0.4713077822488356
0.0008163242621456179,0.49966922382552365,0.49568338028625375
0.0018944749138912753,0.5158544631037453,0.5200795155817215
0.0029726255656368217,0.5320136176573975,0.5443802648220211
0.004050776217382479,0.5481201869402892,0.568471509307386
0.0051289268691281364,0.5641479293921242,0.5922430569036151
0.006207077520873683,0.5800709906217969,0.6155906090937239
0.00728522817261934,0.595864028423053,0.638417500695773
0.008363378824364887,0.6115023336158315,0.6606361546002539
0.009441529476110544,0.6269619457542619,0.6821692116445757
0.01051968012785609,0.6422197628004419,0.7029503148430085
0.011597830779601748,0.6572536439312576,0.7229245459959069
0.012675981431347294,0.6720425047222512,0.7420485297731301
0.013754132083092951,0.6865664040371812,0.7602902345980106
0.014832282734838498,0.7008066220428677,0.777628510352411
0.015910433386584155,0.7147457288652699,0.7940524098050694
0.016988584038329813,0.7283676435027763,0.8095603438375072
0.01806673469007536,0.7416576827154157,0.8241591204071711
0.019144885341821016,0.7546025997123854,0.8378629143481385
0.020223035993566563,0.767190612563804,0.8506922102673626
0.02130118664531222,0.7794114223645368,0.8626727546611483
0.022379337297057766,0.7912562212768972,0.8738345466065501
0.023457487948803424,0.8027176906740492,0.884210889527918
0.02453563860054897,0.8137899896955785,0.8938375200264839
0.025613789252294628,0.8244687346103041,0.9027518238892502
0.026691939904040285,0.8347509694577311,0.9109921443414695
0.02777009055578583,0.8446351285081586,0.9185971834534963
0.02884824120753149,0.8541209911414834,0.9256054943573809
0.029926391859277035,0.863209629795845,0.9320550595149841
0.031004542511022692,0.8719033516791217,0.9379829486153248
0.03208269316276824,0.8802056349685897,0.9434250486531714
0.033160843814513896,0.888121060246982,0.9484158582369915
0.03423899446625944,0.8956552379365892,0.9529883380792822
0.0353171451180051,0.902814732497407,0.9571738098332483
0.03639529576975076,0.9096069841507841,0.96100189586707
0.037473446421496304,0.9160402288772275,0.9645004931358653
0.03855159707324196,0.9221234174163965,0.9676957749614561
0.03962974772498751,0.9278661339695803,0.9706122152144583
0.040707898376733165,0.9332785152708555,0.9732726300770845
0.04178604902847871,0.9383711706533211,0.9756982332235421
0.04286419968022437,0.9431551036922844,0.9779087008714927
0.043942350331969915,0.9476416359586858,0.9799222437226309
0.04502050098371557,0.9518423333644211,0.981755683318047
0.04609865163546123,0.9557689355272291,0.9834245307832741
0.047176802287206776,0.9594332885274339,0.9849430663301102
0.04825495293895243,0.9628472813727398,0.9863244182204532
0.04933310359069798,0.9660227864312988,0.9875806401856299
0.05041125424244364,0.9689716040381073,0.9887227865377682
0.051489404894189184,0.9717054114260286,0.9897609844125308
0.05256755554593484,0.9742357160810626,0.9907045027499412
0.05364570619768039,0.9765738135722963,0.991561817756673
0.054723856849426045,0.9787307498608148,0.9923406747034462
0.05580200750117159,0.9807172880490098,0.9930481459989337
0.05688015815291725,0.982543879492558,0.9936906855504347
0.057958308804662906,0.9842206391620079,0.9942741794745659
0.05903645945640845,0.9857573251096214,0.9948039932610966
0.06011461010815411,0.9871633218698834,0.9952850155221662
0.061192760759899656,0.9884476275989812,0.9957216984794274
0.06227091141164531,0.9896188447394977,0.9961180953549247
0.06334906206339086,0.9906851739814543,0.9964778948391085
0.06442721271513652,0.9916544112795582,0.9968044528125427
0.06550536336688206,0.9925339476788388,0.997100821497563
0.06658351401862772,0.9933307716965998,0.9973697762132113
0.06766166467037338,0.9940514740074988,0.997613839901855
0.06873981532211892,0.9947022541803402,0.9978353055895869
0.06981796597386458,0.9952889292195155,0.9980362569351754
0.07089611662561013,0.9958169436706836,0.9982185870144016
0.07197426727735579,0.9962913810589201,0.998384015478302
0.07305241792910133,0.9967169764378936,0.9985341042153967
0.07413056858084699,0.9970981298403554,0.9986702716395583
0.07520871923259254,0.997438920433057,0.9987938057169079
0.0762868698843382,0.9977431211928842,0.9989058758370896
0.07736502053608385,0.9980142139352408,0.9990075436265741
0.0784431711878294,0.9982554045403152,0.9990997727942614
0.07952132183957505,0.9984696382375695,0.9991834380926998
0.0805994724913206,0.9986596148234458,0.9992593334716464
0.08167762314306626,0.9988278037016773,0.9993281794945402
0.0827557737948118,0.9989764586495994,0.9993906300826869
0.08383392444655746,0.9991076322273269,0.9994472786465969
0.08491207509830301,0.9992231897595125,0.9994986636589225
0.08599022575004867,0.999324822831519,0.9995452737188363
0.08706837640179432,0.9994140622531765,0.99958755215342
0.08814652705353987,0.9994922904537991,0.9996259011977052
0.08922467770528553,0.9995607532817703,0.9996606857913777
0.09030282835703107,0.9996205711907691,0.9996922370268387
0.09138097900877673,0.9996727498025832,0.9997208552802541
0.09245912966052228,0.999718189843469,0.9997468130544215
0.09353728031226793,0.9997576964571786,0.9997703575597199
0.09461543096401348,0.9997919879031237,0.9997917130570635
0.09569358161575914,0.9998217036527177,0.9998110829846253
0.09677173226750468,0.9998474119007688,0.9998286518881465
0.09784988291925034,0.9998696165119603,0.9998445871728507
0.098928033570996,0.9998887634249634,0.9998590406933532
0.10000618422274155,0.9999052465386775,0.9998721501964651
0.1010843348744872,0.9999194131065025,0.9998840406304395
0.10216248552623275,0.9999315686654957,0.9998948253329665
0.1032406361779784,0.9999419815277942,0.9999046071091007
0.10431878682972395,0.9999508868618399,0.9999134792092876
0.10539693748146961,0.999958490390794,0.9999215262167093
0.10647508813321516,0.9999649717351013,0.9999288248523394
0.10755323878496081,0.9999704874255112,0.999935444705315
0.10863138943670647,0.9999751736120266,0.9999414488955373
0.10970954008845202,0.9999791484932713,0.9999468946747754
0.11078769074019768,0.9999825144896602,0.999951833971971
0.11186584139194322,0.9999853601825787,0.9999563138879115
0.11294399204368888,0.9999877620405357,0.9999603771439697
0.11402214269543443,0.9999897859519836,0.9999640624891621
0.11510029334718008,0.9999914885832069,0.9999674050693994
0.11617844399892563,0.9999929185784059,0.9999704367624309
0.11725659465067129,0.9999941176178365,0.9999731864816704
0.11833474530241694,0.9999951213486358,0.9999756804517893
0.11941289595416249,0.999995960201778,0.9999779424586992
0.12049104660590815,0.9999966601074618,0.9999799940763021
0.1215691972576537,0.9999972431201477,0.9999818548721652
0.12264734790939935,0.9999977279634368,0.9999835425940771
0.1237254985611449,0.999998130504021,0.9999850733392645
0.12480364921289056,0.9999984641630302,0.9999864617078758
0.1258817998646361,0.9999987402722691,0.9999877209421973
0.12695995051638176,0.9999989683820574,0.9999888630529261
0.12803810116812742,0.9999991565266771,0.999989898933701
0.12911625181987296,0.9999993114527762,0.9999908384649882
0.13019440247161856,0.9999994388154791,0.9999916906083024
